iter	MultiClass
0	1.095758574
499	0.6579510946
