iter	MultiClass
0	1.096767672
499	0.6591790971
