iter	Logloss
0	0.1662826065
1	0.09324676584
2	0.0606309408
3	0.04510795463
